Repository,Date,Stars
deeppavlov/DeepPavlov,Wed Dec 13 2017 20:12:36 GMT+0300 (Москва,0
deeppavlov/DeepPavlov,Wed Feb 28 2018 02:43:10 GMT+0300 (Москва,840
deeppavlov/DeepPavlov,Sun Mar 11 2018 14:29:48 GMT+0300 (Москва,1260
deeppavlov/DeepPavlov,Fri Jun 29 2018 23:01:12 GMT+0300 (Москва,1710
deeppavlov/DeepPavlov,Thu Nov 22 2018 17:04:10 GMT+0300 (Москва,2160
deeppavlov/DeepPavlov,Thu Mar 07 2019 10:35:05 GMT+0300 (Москва,2610
deeppavlov/DeepPavlov,Thu Jul 18 2019 10:20:12 GMT+0300 (Москва,3060
deeppavlov/DeepPavlov,Mon Nov 11 2019 19:59:00 GMT+0300 (Москва,3480
deeppavlov/DeepPavlov,Tue Apr 07 2020 16:09:05 GMT+0300 (Москва,3930
deeppavlov/DeepPavlov,Sun Aug 30 2020 18:07:18 GMT+0300 (Москва,4380
deeppavlov/DeepPavlov,Mon Feb 22 2021 08:30:53 GMT+0300 (Москва,4830
deeppavlov/DeepPavlov,Wed Oct 20 2021 23:19:17 GMT+0300 (Москва,5280
deeppavlov/DeepPavlov,Fri Aug 05 2022 07:28:58 GMT+0300 (Москва,5700
deeppavlov/DeepPavlov,Sun Jun 04 2023 17:14:56 GMT+0300 (Москва,6150
deeppavlov/DeepPavlov,Fri Jul 19 2024 15:52:24 GMT+0300 (Москва,6600
deeppavlov/DeepPavlov,Mon Sep 02 2024 19:03:55 GMT+0300 (Москва,6646
aimclub/FEDOT,Wed Jun 10 2020 21:47:22 GMT+0300 (Москва,0
aimclub/FEDOT,Thu Jan 21 2021 13:24:47 GMT+0300 (Москва,30
aimclub/FEDOT,Mon May 31 2021 23:11:04 GMT+0300 (Москва,60
aimclub/FEDOT,Sun Jul 04 2021 09:49:33 GMT+0300 (Москва,120
aimclub/FEDOT,Wed Jul 07 2021 01:11:17 GMT+0300 (Москва,150
aimclub/FEDOT,Sun Aug 01 2021 16:24:36 GMT+0300 (Москва,180
aimclub/FEDOT,Mon Nov 22 2021 16:22:07 GMT+0300 (Москва,240
aimclub/FEDOT,Tue Jan 18 2022 10:51:06 GMT+0300 (Москва,270
aimclub/FEDOT,Thu Mar 31 2022 14:22:53 GMT+0300 (Москва,330
aimclub/FEDOT,Sat Apr 30 2022 16:59:21 GMT+0300 (Москва,360
aimclub/FEDOT,Thu Jun 23 2022 13:16:10 GMT+0300 (Москва,390
aimclub/FEDOT,Mon Nov 14 2022 04:39:11 GMT+0300 (Москва,450
aimclub/FEDOT,Wed Feb 08 2023 23:20:12 GMT+0300 (Москва,480
aimclub/FEDOT,Mon Aug 21 2023 16:16:27 GMT+0300 (Москва,540
aimclub/FEDOT,Sat Jan 13 2024 01:25:31 GMT+0300 (Москва,570
aimclub/FEDOT,Mon Sep 02 2024 19:03:57 GMT+0300 (Москва,627
waico/SKAB,Sat Jan 09 2021 16:28:35 GMT+0300 (Москва,1
waico/SKAB,Fri Apr 09 2021 05:44:18 GMT+0300 (Москва,21
waico/SKAB,Tue May 25 2021 08:38:11 GMT+0300 (Москва,41
waico/SKAB,Thu Jul 01 2021 11:33:22 GMT+0300 (Москва,61
waico/SKAB,Sun Oct 31 2021 21:59:11 GMT+0300 (Москва,81
waico/SKAB,Thu Jan 13 2022 12:56:18 GMT+0300 (Москва,101
waico/SKAB,Fri Mar 04 2022 09:01:19 GMT+0300 (Москва,121
waico/SKAB,Fri May 13 2022 18:15:56 GMT+0300 (Москва,141
waico/SKAB,Fri Oct 14 2022 18:46:21 GMT+0300 (Москва,161
waico/SKAB,Tue Jan 31 2023 10:48:23 GMT+0300 (Москва,181
waico/SKAB,Mon Apr 10 2023 12:10:02 GMT+0300 (Москва,201
waico/SKAB,Sat Jun 10 2023 17:40:10 GMT+0300 (Москва,221
waico/SKAB,Thu Oct 12 2023 20:25:23 GMT+0300 (Москва,241
waico/SKAB,Wed Dec 20 2023 09:15:21 GMT+0300 (Москва,261
waico/SKAB,Fri Mar 01 2024 11:48:07 GMT+0300 (Москва,281
waico/SKAB,Thu Jul 18 2024 16:45:10 GMT+0300 (Москва,301
waico/SKAB,Mon Sep 02 2024 19:03:59 GMT+0300 (Москва,314
